kalshi_ticker,poly_condition_id,poly_outcome,kalshi_question,poly_question,poly_end_date,poly_vol_24h
KX2028RRUN-28-TUC,0x488793853f134d0a2589a57b34af4fe834e2730eaca2b22bf1c8fc061d2630e4,Yes,Who will run for the Republican presidential nomination in 2028?,Will Tucker Carlson announce Presidential run by June 30?,2026-06-30,453.28
KXBOND-30-CAL,0xd7482c59ec03c0def1d1f3caef6e22aa95498a567522de7f0780f1f362ecf522,Yes,Will Callum Turner be the next James Bond?,Callum Turner announced as next James Bond?,2026-06-30,49.83
KXBOND-30-HAR,0x157b4aebf3ff1f45ca5d41bdffb66c3a888a0ceaec9f7a7167e08cf2138130cc,Yes,Will Harris Dickinson be the next James Bond?,Harris Dickinson announced as next James Bond?,2026-06-30,0.00
KXBOND-30-JACO,0x4e7734d08c3a532cf0b9c67cfba476f4910bddedf15c5d613d1ef94d1f15e533,Yes,Will Jacob Elordi be the next James Bond?,Jacob Elordi announced as next James Bond?,2026-06-30,145.04
KXBOND-30-JOS,0xd32bf453f9f034a5d30cebd29355a49fdf7b083a722b6c218409f4c4bb694a07,Yes,Will Josh O'Connor be the next James Bond?, Josh O'Connor announced as next James Bond?,2026-06-30,29.00
KXBOND-30-THEO,0x2d116412f432cdb566c6eb4f0f35cf36c9842998085e13a5a0a2a6c01907b837,Yes,Will Theo James be the next James Bond?,Theo James announced as next James Bond?,2026-06-30,305.00
KXMENWORLDCUP-26-AR,0x0c4cd2055d6ea89354ffddc55d6dbcef9355748112ea952fc925f3db6a5c457f,Yes,Will the Argentina win the 2026 Men's World Cup?,Will Argentina win the 2026 FIFA World Cup?,2026-07-20,314382.68
KXMENWORLDCUP-26-BE,0x32cfa52198e85e070d1b17d1b53c5c3a6aaae7736cdc33fa6aa04d353f0c2811,Yes,Will the Belgium win the 2026 Men's World Cup?,Will Belgium win the 2026 FIFA World Cup?,2026-07-20,38189.53
KXMENWORLDCUP-26-BR,0x30d55d8124ee1e12dabe89201badc45669b81dff69e4ce44d961f32878ec178a,Yes,Will the Brazil win the 2026 Men's World Cup?,Will Brazil win the 2026 FIFA World Cup?,2026-07-20,58961.42
KXMENWORLDCUP-26-CO,0xe99cc59f32b10d23acf196d1a0e8264ea30fca198428acadd3464b06ff60e771,Yes,Will the Colombia win the 2026 Men's World Cup?,Will Colombia win the 2026 FIFA World Cup?,2026-07-20,27949.26
KXMENWORLDCUP-26-DE,0x1595b4818eeb1ea1e0bec5de6f057218e557feee9b405a0e930d290384fa1d16,Yes,Will the Germany win the 2026 Men's World Cup?,Will Germany win the 2026 FIFA World Cup?,2026-07-20,104241.66
KXMENWORLDCUP-26-EC,0xbaf7780f9059e34b84301fd411f8dc573b4d56adfe6e0cda33daf304b1438da4,Yes,Will the Ecuador win the 2026 Men's World Cup?,Will Ecuador win the 2026 FIFA World Cup?,2026-07-20,79659.76
KXMENWORLDCUP-26-ES,0x7976b8dbacf9077eb1453a62bcefd6ab2df199acd28aad276ff0d920d6992892,Yes,Will the Spain win the 2026 Men's World Cup?,Will Spain win the 2026 FIFA World Cup?,2026-07-20,110797.14
KXMENWORLDCUP-26-FR,0x9b6fef249040fd17e9c107955b37ac2c3e923509b6b0ff01cc463a331ddeb894,Yes,Will the France win the 2026 Men's World Cup?,Will France win the 2026 FIFA World Cup?,2026-07-20,149905.05
KXMENWORLDCUP-26-GB,0x375409bc5eeeff961e82b479caeccc20f33d15738e5bce1186d628aa3d9dfb1f,Yes,Will the England win the 2026 Men's World Cup?,Will England win the 2026 FIFA World Cup?,2026-07-20,51058.09
KXMENWORLDCUP-26-HR,0xe5bd80313b8859e3f5761568ac9498866ea9d4419e4d1b6a877a9a9bd2754cb4,Yes,Will the Croatia win the 2026 Men's World Cup?,Will Croatia win the 2026 FIFA World Cup?,2026-07-20,159694.63
KXMENWORLDCUP-26-JP,0x0189df05ed7bf84d799213b01a79571e305c03b2ac5359cfbb3a323448ba20fa,Yes,Will the Japan win the 2026 Men's World Cup?,Will Japan win the 2026 FIFA World Cup?,2026-07-20,259679.08
KXMENWORLDCUP-26-KR,0x65307f30dce84ac35e41813035d3c04933da830dc4efbbb2fcdc4b282700ef3b,Yes,Will the South Korea win the 2026 Men's World Cup?,Will South Korea win the 2026 FIFA World Cup?,2026-07-20,74917.97
KXMENWORLDCUP-26-MA,0x37a6de1b21803e5f3fb1965116218215d79963af4f7e51659696366267a63a03,Yes,Will the Morocco win the 2026 Men's World Cup?,Will Morocco win the 2026 FIFA World Cup?,2026-07-20,92940.95
KXMENWORLDCUP-26-MX,0x5ccfe1b69a582d2985db08a8481a0d74c314b1fce9b4711ae2efb2c6467fe6aa,Yes,Will the Mexico win the 2026 Men's World Cup?,Will Mexico win the 2026 FIFA World Cup?,2026-07-20,115622.81
KXMENWORLDCUP-26-NL,0x9be56371f6a29d12769b2f196847ee825b9585ebb8bfa042136be031b081eba1,Yes,Will the Netherlands win the 2026 Men's World Cup?,Will Netherlands win the 2026 FIFA World Cup?,2026-07-20,63440.66
KXMENWORLDCUP-26-NO,0x7b52405ad0e0d31bfe970940b67d77f24ecedeab8a2361c11148c02a006e325c,Yes,Will the Norway win the 2026 Men's World Cup?,Will Norway win the 2026 FIFA World Cup?,2026-07-20,284090.98
KXMENWORLDCUP-26-PT,0x4f3421fb2daf5cca7430ed8d8132463963081572d75434393a1808fdb8829fe8,Yes,Will the Portugal win the 2026 Men's World Cup?,Will Portugal win the 2026 FIFA World Cup?,2026-07-20,444052.92
KXMENWORLDCUP-26-US,0xcdb1f0400949238a63d3e88243d2ada08cd9c2a71985ced9f0cfd5e66354cf90,Yes,Will the USA win the 2026 Men's World Cup?,Will USA win the 2026 FIFA World Cup?,2026-07-20,87379.03
KXMENWORLDCUP-26-UY,0x7876851632c295043c66536150a304cb785abdf712ba8489d298c6e6926be106,Yes,Will the Uruguay win the 2026 Men's World Cup?,Will Uruguay win the 2026 FIFA World Cup?,2026-07-20,332489.00
KXMLB-26-ATH,0x618f23aef4bb8eb98a292a0674ed5aee012164f9a762e4bc7f9a2929aa3620d1,Yes,Will A's win the 2026 Pro Baseball Championship?,Will the Athletics win the 2026 World Series?,2026-10-31,31.06
KXMLB-26-ATL,0x7c6d624563d7efee94f7ef54da8d35fd794b3cde9ead02df0d413d6ad3886570,Yes,Will Atlanta win the 2026 Pro Baseball Championship?,Will the Atlanta Braves win the 2026 World Series?,2026-10-31,3383.14
KXMLB-26-BAL,0xae8cf6ba7bd936d12c4c77b77b800dc378a76f02d0276fbc1dc1932f01f8eb9e,Yes,Will Baltimore win the 2026 Pro Baseball Championship?,Will the Baltimore Orioles win the 2026 World Series?,2026-10-31,9311.56
KXMLB-26-CLE,0x67a229c77a9ac893f3895ed4dd1dfd1f89a6145da408bba530a544ec77ff6bfb,Yes,Will Cleveland win the 2026 Pro Baseball Championship?,Will the Cleveland Guardians win the 2026 World Series?,2026-10-31,1460.45
KXMLB-26-CWS,0x7279005cdc5f4533b0cf53ce94a6c4fd43039c721ba39a3ad02dddacabd47d93,Yes,Will Chicago WS win the 2026 Pro Baseball Championship?,Will the Chicago White Sox win the 2026 World Series?,2026-10-31,33175.67
KXMLB-26-LAD,0x749d8eccbc0a99447e71fc5e40a0096842774bef4d5c8838b8adb39af068b3cb,Yes,Will Los Angeles D win the 2026 Pro Baseball Championship?,Will the Los Angeles Dodgers win the 2026 World Series?,2026-10-31,5632.30
KXMLB-26-MIL,0x3db74f14fa0c4d8acb19ff4ffa18d523597a8e553ec565d494290a908d99395a,Yes,Will Milwaukee win the 2026 Pro Baseball Championship?,Will the Milwaukee Brewers win the 2026 World Series?,2026-10-31,3795.99
KXMLB-26-NYY,0x3df7be753c8b6ebbddf31d6d63535c4b31c836cb25b1a73085508a271bc103db,Yes,Will New York Y win the 2026 Pro Baseball Championship?,Will the New York Yankees win the 2026 World Series?,2026-10-31,37.14
KXMLB-26-PHI,0x9e238daa4cc2b89379314f5c1873e3c0d07d26bf2eb69a3d618a7b5d13b165a0,Yes,Will Philadelphia win the 2026 Pro Baseball Championship?,Will the Philadelphia Phillies win the 2026 World Series?,2026-10-31,2128.76
KXMLB-26-SD,0x99ff023a3b1149189fd0993f5a06b05b59e91d370df456c54db69bbd8875bf65,Yes,Will San Diego win the 2026 Pro Baseball Championship?,Will the San Diego Padres win the 2026 World Series?,2026-10-31,6095.64
KXMLB-26-SEA,0x8a638b539c43375ea04e0e2501f4a877df4ab35ae67a1f60d0e034d75c8c38ef,Yes,Will Seattle win the 2026 Pro Baseball Championship?,Will the Seattle Mariners win the 2026 World Series?,2026-10-31,7018.50
KXMLB-26-STL,0x728ed3e64f1f6b67d9b3dcd545ae574aaf0dfd3b0fb6df433d0c07c253981ec0,Yes,Will St. Louis win the 2026 Pro Baseball Championship?,Will the St. Louis Cardinals win the 2026 World Series?,2026-10-31,21544.99
KXMLB-26-TB,0x4d9567b9fa71a94b6e43ddb62ea6104cbb01926813938d241cce336bd72a8ba5,Yes,Will Tampa Bay win the 2026 Pro Baseball Championship?,Will the Tampa Bay Rays win the 2026 World Series?,2026-10-31,4707.72
KXMLB-26-TEX,0xa9a6f91142311378d1227a7b245069ecca68e7cfc825db8613d9bb0c8c42d3a1,Yes,Will Texas win the 2026 Pro Baseball Championship?,Will the Texas Rangers win the 2026 World Series?,2026-10-31,5230.54
KXMLBNL-26-LAD,0x07d6d1ac69e705071cfaa10ab950f8231dc3de7cb03638cbabb7fbf481806797,Yes,Will Los Angeles D win the 2026 Pro Baseball National League Championship?,Will Los Angeles Dodgers win the 2026 National League Championship Series?,2026-11-01,361.31
KXMLBNL-26-SD,0xe0eb9393e2a961d6acf62d5cb2e99475cb950d481557dd7e6f6b2753a7e6eff7,Yes,Will San Diego win the 2026 Pro Baseball National League Championship?,Will San Diego Padres win the 2026 National League Championship Series?,2026-11-01,0.00
KXNBA-26-CLE,0x6b44bd667fad6cb5b3b68d8bd1055a038c77d9176dbd51f123879797cc3368a7,Yes,Will the Cleveland win the 2026 Pro Basketball Finals?,Will the Cleveland Cavaliers win the 2026 NBA Finals?,2026-07-01,454602.76
KXNBA-26-DET,0xe202539dfbeced92dc4112f134a205c80ca6cf4db32bd82f05b291c297219fd8,Yes,Will the Detroit win the 2026 Pro Basketball Finals?,Will the Detroit Pistons win the 2026 NBA Finals?,2026-07-01,399457.54
KXNBA-26-NYK,0x713641f745d71f6ec61f906237ffca3c8583f251e49384429a63ceb0ccdb2d37,Yes,Will the New York win the 2026 Pro Basketball Finals?,Will the New York Knicks win the 2026 NBA Finals?,2026-07-01,242750.80
KXNBA-26-OKC,0x22e7b5e35423e76842dd3a5e1a21d13793811080d5e7b2896d0c001bd5e97d54,Yes,Will the Oklahoma City win the 2026 Pro Basketball Finals?,Will the Oklahoma City Thunder win the 2026 NBA Finals?,2026-07-01,109122.83
KXNBA-26-SAS,0xb6b3d7a2037b3faa7e1306d741840d453432902d73cc9a146a035e40271eae73,Yes,Will the San Antonio win the 2026 Pro Basketball Finals?,Will the San Antonio Spurs win the 2026 NBA Finals?,2026-07-01,307797.08
KXNBAEAST-26-CLE,0x85f3e001ffe2a24f985b939460d0cc22041d47107ed8c681f75abb6a5bd1d1d7,Yes,Will the Cleveland win the 2026 Pro Basketball Eastern Conference Championship?,Will the Cleveland Cavaliers win the NBA Eastern Conference Finals?,2026-06-13,19514.72
KXNBAEAST-26-DET,0x14dbdb6274de6bcc65ce2b628c6636ff210fd452d095b0f14fdb1d376b31cecf,Yes,Will Detroit win the 2026 Pro Basketball Eastern Conference Championship?,Will the Detroit Pistons win the NBA Eastern Conference Finals?,2026-06-13,24649.19
KXNBAEAST-26-NYK,0x1c60f9adb1d786b6fe78d63fd9f82dbb293fa06241532fb5ba43f8d8411cde1e,Yes,Will the New York win the 2026 Pro Basketball Eastern Conference Championship?,Will the New York Knicks win the NBA Eastern Conference Finals?,2026-06-13,47654.45
KXNBAWEST-26-OKC,0x4cf389adc069a4d713e1ddb6348c96afd6df78e6bf676c7dce1780135186d90e,Yes,Will the Oklahoma City win the 2026 Pro Basketball Western Conference Championship?,Will the Oklahoma City Thunder win the NBA Western Conference Finals?,2026-06-16,32350.24
KXNBAWEST-26-SAS,0xe3e8574f967e628750dff67c641944a84da281ced40ffe7c76e42649e89a6887,Yes,Will the San Antonio win the 2026 Pro Basketball Western Conference Championship?,Will the San Antonio Spurs win the NBA Western Conference Finals?,2026-06-16,42232.32
KXNEXTAG-29-ABAI,0xf10ee6ec719d325c597ca9da10766690e536b1f93af27b42ac7dcc2b6feaef62,Yes,Who will be Trump's next Attorney General?,Will Donald Trump announce Andrew Bailey as the next United States Attorney General by December 31?,2026-12-31,0.00
KXNEXTAG-29-HDHI,0x0f0f98af5e535e0e02ad10c7f72ce887ce8fdc8f8a4461fcf106530099be08e0,Yes,Who will be Trump's next Attorney General?,Will Donald Trump announce Harmeet Dhillon as the next United States Attorney General by June 30?,2026-06-30,1003.13
KXNEXTAG-29-JPIR,0x17830414fdfe2ac9d11eda8c7e9cce22bac568b3c80684927e0a91649e51a4af,Yes,Who will be Trump's next Attorney General?,Will Donald Trump announce Jeanine Pirro as the next United States Attorney General by June 30?,2026-06-30,69.76
KXNEXTAG-29-KPAX,0x1ddbcffcccc0c7368f1ada455a8238041d6f9c3c1d3e4d1c2031b59cbc99dd64,Yes,Who will be Trump's next Attorney General?,Will Donald Trump announce Ken Paxton as the next United States Attorney General by June 30?,2026-06-30,166.75
KXNEXTAG-29-LZEL,0x9157c83fc048cf87d5c5d982477d248f3b38e94616fa93ea653ed4c97caae33a,Yes,Who will be Trump's next Attorney General?,Will Donald Trump announce Lee Zeldin as the next United States Attorney General by June 30?,2026-06-30,13.54
KXNEXTAG-29-RDES,0xf14b5367028549f930b0db0f4efc22a5d8611a3518e98e52dae23679dd394d69,Yes,Who will be Trump's next Attorney General?,Will Donald Trump announce Ron DeSantis as the next United States Attorney General by June 30?,2026-06-30,2071.22
KXNEXTAG-29-TBLA,0x788c96ce70ff9d8b3a78b4443d5107429d69a658ec956b1db45689771b54c329,Yes,Who will be Trump's next Attorney General?,Will Donald Trump announce Todd Blanche as the next United States Attorney General by June 30?,2026-06-30,430.30
KXNEXTAG-29-TCRU,0x02a6e004f25816af748a8a047815397d39e391ab8e9ab255541b24b39d017fee,Yes,Who will be Trump's next Attorney General?,Will Donald Trump announce Ted Cruz as the next United States Attorney General by June 30?,2026-06-30,1101.28
KXNEXTUKPM-30-ABUR,0x763a7f1e440693b54c56da02d338c2092053567dd865174387d06ee5612fdc9e,Yes,Will Andy Burnham be the next Prime Minister of United Kingdom?,Will Andy Burnham be the next Prime Minister of the United Kingdom in 2026?,2026-12-31,53094.10
KXNEXTUKPM-30-RLOW,0xf365e4c2d0ed67ffb8263cac97570e02664099fd25d1a8bd201e53dc883d86f1,Yes,Will Rupert Lowe be the next Prime Minister of United Kingdom?,Will Rupert Lowe be the next Prime Minister of the United Kingdom in 2026?,2026-12-31,8600.38
KXNEXTUKPM-30-WS,0x0de4c5e098c5101f7cce39d11dd3294873381b78c2794b6c6aea3142117f03a1,Yes,Will Wes Streeting be the next Prime Minister of United Kingdom?,Will Wes Streeting be the next Prime Minister of the United Kingdom in 2026?,2026-12-31,14717.08
KXNFLMVP-27-CWIL,0xd7089b9b1843279db6ad909214d21f26929b102ab918ddda36e2ff76757cf0db,Yes,Will Caleb Williams win the MVP?,Will Caleb Williams win the 2026 NFL MVP?,2027-02-15,0.00
KXNFLMVP-27-JDAR,0xd9b14674d5d2b36d1266f5b5cda5e3c1cda747473214faddc44c39f502b0f135,Yes,Will Jaxson Dart win the MVP?,Will Jaxson Dart win the 2026 NFL MVP?,2027-02-15,0.00
KXNHL-26-BUF,0xbefea6668e49e328db4d5c792bc15cea309bbc06101dfd6ced1e0556ad3ea301,Yes,Will Buffalo Sabres win the 2025-26 Stanley Cup Finals?,Will the Buffalo Sabres win the 2026 NHL Stanley Cup?,2026-06-30,44881.81
KXNHL-26-CAR,0xf7b5491e70b477d451afe7d9c1fde4bf1a927e69ff289d294b96df164f6c10f0,Yes,Will Carolina Hurricanes win the 2025-26 Stanley Cup Finals?,Will the Carolina Hurricanes win the 2026 NHL Stanley Cup?,2026-06-30,3700.47
KXNHL-26-COL,0xf8f63bb47b2a7c2e0c1be3cedf4075079b11c07476d76a9469065b0c4791961a,Yes,Will Colorado Avalanche win the 2025-26 Stanley Cup Finals?,Will the Colorado Avalanche win the 2026 NHL Stanley Cup?,2026-06-30,22605.02
KXNHL-26-MTL,0x52847ca1413b76a5570b97c0c432e38dbe61b0140f9d45e912604591b08f6fca,Yes,Will Montréal Canadiens win the 2025-26 Stanley Cup Finals?,Will the Montreal Canadiens win the 2026 NHL Stanley Cup?,2026-06-30,12506.89
KXNHL-26-VGK,0x89389a6b1439856a8d366234c795d72865c927a1aa3cf9d4cc04a3a400defde1,Yes,Will Vegas Golden Knights win the 2025-26 Stanley Cup Finals?,Will the Vegas Golden Knights win the 2026 NHL Stanley Cup?,2026-06-30,14974.28
KXOAIANTH-40-ANTH,0xc289a877bc155123069739b21d690b3e8dc220b98f6ae3924468bbcbdfaf98dc,Anthropic,Will Open AI or Anthropic IPO first?,Will Anthropic or OpenAI IPO first?,2027-12-31,27.85
KXPREMIERLEAGUE-26-ARS,0xcba24842ceac7a40d2a8b9adde1f4407999b6505193b9fd68156ae76fbffa706,Yes,Will Arsenal win the English Premier League?,Will Arsenal win the 2025–26 English Premier League?,2026-05-27,46889.81
KXPREMIERLEAGUE-26-MCI,0xfb1835b887c33862f5749c619e612d1244ab6e66115f0ef43d373485dc3a1573,Yes,Will Man City win the English Premier League?,Will Manchester City win the 2025–26 English Premier League?,2026-05-27,20981.74
KXPRESNOMD-28-AB,0x1d519b87999e3d4e90e1e8f57b5eee73a0ba488ff3fdb70867f294733aba84a9,Yes,Will Andy Beshear be the Democratic Presidential nominee in 2028?,Will Andy Beshear win the 2028 Democratic presidential nomination?,2028-11-07,13575.88
KXPRESNOMD-28-AOC,0xe6bcc2f1dd025ce5e1833190f7c60a71171c94f805df55b9ab0ded695ec93565,Yes,Will Alexandria Ocasio-Cortez be the Democratic Presidential nominee in 2028?,Will Alexandria Ocasio-Cortez win the 2028 Democratic presidential nomination?,2028-11-07,13141.89
KXPRESNOMD-28-BOBA,0x88d67705780a3d922317ecb0c78a947a306174d0510df2ae89394d5abfb28206,Yes,Will Barack Obama be the Democratic Presidential nominee in 2028?,Will Barack Obama win the 2028 Democratic presidential nomination?,2028-11-07,34078.19
KXPRESNOMD-28-CBOO,0x1970bcce75e3674660917ae4685b433a9b1e0152d810a8d7c346dfd5e00694c2,Yes,Will Cory Booker be the Democratic Presidential nominee in 2028?,Will Cory Booker win the 2028 Democratic presidential nomination?,2028-11-07,37125.83
KXPRESNOMD-28-ESLO,0x13e5de8d18ae2275809fd6c771fefb38cd2c1d2b2f334e8fb9961a0158a43cad,Yes,Will Elissa Slotkin be the Democratic Presidential nominee in 2028?,Will Elissa Slotkin win the 2028 Democratic vice-presidential nomination?,2028-08-10,0.00
KXPRESNOMD-28-GN,0x0f49db97f71c68b1e42a6d16e3de93d85dbf7d4148e3f018eb79e88554be9f75,Yes,Will Gavin Newsom be the Democratic Presidential nominee in 2028?,Will Gavin Newsom win the 2028 Democratic presidential nomination?,2028-11-07,211298.35
KXPRESNOMD-28-GR,0xcb239105ed21a2420ba4d85090b9bc32755c56601ffdc528afd17fd6282fe930,Yes,Will Gina Raimondo be the Democratic Presidential nominee in 2028?,Will Gina Raimondo win the 2028 Democratic presidential nomination?,2028-11-07,46558.54
KXPRESNOMD-28-GW,0xe39adea057926dc197fe30a441f57a340b2a232d5a687010f78bba9b6e02620f,Yes,Will Gretchen Whitmer be the Democratic Presidential nominee in 2028?,Will Gretchen Whitmer win the 2028 Democratic presidential nomination?,2028-11-07,18961.81
KXPRESNOMD-28-JBP,0xe883f2fda25a605a184bb5fe583afce6cc21ea0b348b6a3728ec3067553c548d,Yes,Will J.B. Pritzker be the Democratic Presidential nominee in 2028?,Will J.B. Pritzker win the 2028 Democratic presidential nomination?,2028-11-07,35633.37
KXPRESNOMD-28-JOSS,0x74dba1ce1ae9dd535414e85f2d9ab5ea32c0fb1acc9b7130b67e6d91217e24e1,Yes,Will Jon Ossoff be the Democratic Presidential nominee in 2028?,Will Jon Ossoff win the 2028 Democratic presidential nomination?,2028-11-07,5305.02
KXPRESNOMD-28-JP,0x8fbcb151e2c988df5a43abb02298014b7daf34c008f3eed9188dd16a2a19bec1,Yes,Will Jared Polis be the Democratic Presidential nominee in 2028?,Will Jared Polis win the 2028 Democratic presidential nomination?,2028-11-07,23943.54
KXPRESNOMD-28-JS,0xd65891729ce093cc12236856837eba1a0872fc7998fd4294c21346f7db68079c,Yes,Will Josh Shapiro be the Democratic Presidential nominee in 2028?,Will Josh Shapiro win the 2028 Democratic presidential nomination?,2028-11-07,134459.77
KXPRESNOMD-28-JTAL,0xb91be12388b3d4079c3ed9b5783cb42d8c33051d37746a49300227e0f45fc089,Yes,Will James Talarico be the Democratic Presidential nominee in 2028?,Will James Talarico win the 2028 Democratic presidential nomination?,2028-11-07,49018.48
KXPRESNOMD-28-KH,0x909659c9436228e2be56d5582ba6188166f2f8bf3c596335512c8f2e380d01ec,Yes,Will Kamala Harris be the Democratic Presidential nominee in 2028?,Will Kamala Harris win the 2028 Democratic presidential nomination?,2028-11-07,9047.41
KXPRESNOMD-28-MK,0x36db77c539bcc8c7bf0686c1b99f30c5a5eed1f53d3b3a27a071550c81f83701,Yes,Will Mark Kelly be the Democratic Presidential nominee in 2028?,Will Mark Kelly win the 2028 Democratic presidential nomination?,2028-11-07,12137.15
KXPRESNOMD-28-PB,0x4c325469d9b516ef4e6b8f73a81a12607dec075e3c2fd454f91765aaeafc4760,Yes,Will Pete Buttigieg be the Democratic Presidential nominee in 2028?,Will Pete Buttigieg win the 2028 Democratic presidential nomination?,2028-11-07,4782.35
KXPRESNOMD-28-REMA,0x3dc47a72ac6bb265e9cefebd2a2eeed00966394cb2d07245b5c94138b60e82a3,Yes,Will Rahm Emanuel be the Democratic Presidential nominee in 2028?,Will Rahm Emanuel win the 2028 Democratic presidential nomination?,2028-11-07,9107.30
KXPRESNOMD-28-RGAL,0x98933c78b5e277b62d91a6c174b412218de000b54c4c67ec8673bf561cec6e81,Yes,Will Ruben Gallego be the Democratic Presidential nominee in 2028?,Will Ruben Gallego win the 2028 Democratic presidential nomination?,2028-11-07,13094.55
KXPRESNOMD-28-SAS,0xc8f1cf5d4f26e0fd9c8fe89f2a7b3263b902cf14fde7bfccef525753bb492e47,Yes,Will Stephen A. Smith be the Democratic Presidential nominee in 2028?,Will Stephen A. Smith win the 2028 Democratic presidential nomination?,2028-11-07,3970.35
KXPRESNOMD-28-WM,0x61d9486c0f7e14ed98f3b177b6adcb3cd45646c92e8bbfbf209789b86472d4b6,Yes,Will Wes Moore be the Democratic Presidential nominee in 2028?,Will Wes Moore win the 2028 Democratic presidential nomination?,2028-11-07,7595.92
KXPRESNOMD-28-ZMAM,0x3535fb2f4aef6619dde8b367cb5e5d209526bb496d5d9778428c58a0252435e3,Yes,Will Zohran Mamdani be the Democratic Presidential nominee in 2028?,Will Zohran Mamdani win the 2028 Democratic presidential nomination?,2028-11-07,143561.02
KXPRESNOMR-28-DJT,0x895e01dbf3e6a33cd9a44ca0f8cdb5df1bd2b0b6ebed5300d28f8da7145145e4,Yes,Will Donald J. Trump be the nominee for the Presidency for the Republican party?,Will Donald Trump win the 2028 Republican presidential nomination?,2028-11-07,24187.85
KXPRESNOMR-28-EM,0xfbb80ea5f8fc02ee7df8bd4f58790e1d04b874078a49a7b7028a74a2075100c9,Yes,Will Elon Musk be the nominee for the Presidency for the Republican party?,Will Elon Musk win the 2028 Republican presidential nomination?,2028-11-07,25907.77
KXPRESNOMR-28-JDV,0x18b1c135d0a40c5894da9412e77311827d9caf16cf4cd6591b247a34730af919,Yes,Will J.D. Vance be the nominee for the Presidency for the Republican party?,Will J.D. Vance win the 2028 Republican presidential nomination?,2028-11-07,12110.00
KXPRESNOMR-28-MR,0x21ad31a46bfaa51650766eff6dc69c866959e32d965ffb116020e37694b6317d,Yes,Will Marco Rubio be the nominee for the Presidency for the Republican party?,Will Marco Rubio win the 2028 Republican presidential nomination?,2028-11-07,12100.80
KXPRESNOMR-28-MTG,0x17902b9490c6a73152772316b4705935c5c6801ba269f2afc81686532e34fb9a,Yes,Will Marjorie Taylor Greene be the nominee for the Presidency for the Republican party?,Will Marjorie Taylor Greene win the 2028 Republican presidential nomination?,2028-11-07,6723.80
KXPRESNOMR-28-RDS,0x64d31a2af85518c6718a5757a35b840f08eca20c1e22c0eb1e96ec01cc55b8b6,Yes,Will Ron DeSantis be the nominee for the Presidency for the Republican party?,Will Ron DeSantis win the 2028 Republican presidential nomination?,2028-11-07,28603.12
KXPRESNOMR-28-TCAR,0x4273517fc8141d57ad1528ede46efdceebdb6a4da746d5de5bad216564209a1e,Yes,Will Tucker Carlson be the nominee for the Presidency for the Republican party?,Will Tucker Carlson win the 2028 Republican presidential nomination?,2028-11-07,13066.61
KXPRESNOMR-28-TMAS,0x24258776d0a926b4550b0f213267b95ba0a7741fc972d0b3c2b5f6bf8ced2c50,Yes,Will Thomas Massie be the nominee for the Presidency for the Republican party?,Will Thomas Massie win the 2028 Republican presidential nomination?,2028-11-07,37900.31
KXPRESPERSON-28-AOCA,0xe6bcc2f1dd025ce5e1833190f7c60a71171c94f805df55b9ab0ded695ec93565,Yes,Who will win the next presidential election?,Will Alexandria Ocasio-Cortez win the 2028 Democratic presidential nomination?,2028-11-07,13141.89
KXPRESPERSON-28-DTRU,0x895e01dbf3e6a33cd9a44ca0f8cdb5df1bd2b0b6ebed5300d28f8da7145145e4,Yes,Who will win the next presidential election?,Will Donald Trump win the 2028 Republican presidential nomination?,2028-11-07,24187.85
KXPRESPERSON-28-GNEWS,0x0f49db97f71c68b1e42a6d16e3de93d85dbf7d4148e3f018eb79e88554be9f75,Yes,Who will win the next presidential election?,Will Gavin Newsom win the 2028 Democratic presidential nomination?,2028-11-07,211298.35
KXPRESPERSON-28-JOSS,0x61600d487069f99e775307a0655c1a79f26e4fc6d8d1ba66790c64d78d0beba2,Yes,Who will win the next presidential election?,Will Jon Ossoff win the 2028 US Presidential Election?,2028-11-07,14124.48
KXPRESPERSON-28-JSHA,0xd65891729ce093cc12236856837eba1a0872fc7998fd4294c21346f7db68079c,Yes,Who will win the next presidential election?,Will Josh Shapiro win the 2028 Democratic presidential nomination?,2028-11-07,134459.77
KXPRESPERSON-28-JVAN,0x18b1c135d0a40c5894da9412e77311827d9caf16cf4cd6591b247a34730af919,Yes,Who will win the next presidential election?,Will J.D. Vance win the 2028 Republican presidential nomination?,2028-11-07,12110.00
KXPRESPERSON-28-KHAR,0xb3298af85e00aafad937c119444a5f2800a55343b7482eb75581f6e454432501,Yes,Who will win the next presidential election?,Will Kamala Harris win the 2028 US Presidential Election?,2028-11-07,23434.45
KXPRESPERSON-28-MKEL,0x36db77c539bcc8c7bf0686c1b99f30c5a5eed1f53d3b3a27a071550c81f83701,Yes,Who will win the next presidential election?,Will Mark Kelly win the 2028 Democratic presidential nomination?,2028-11-07,12137.15
KXPRESPERSON-28-MRUB,0x21ad31a46bfaa51650766eff6dc69c866959e32d965ffb116020e37694b6317d,Yes,Who will win the next presidential election?,Will Marco Rubio win the 2028 Republican presidential nomination?,2028-11-07,12100.80
KXPRESPERSON-28-PBUT,0x2c03c41e5032364cb7166e842bdd22913f28aa2c837d8432704aa89c338875c8,Yes,Who will win the next presidential election?,Will Pete Buttigieg win the 2028 US Presidential Election?,2028-11-07,38826.90
KXPRESPERSON-28-TCAR,0x4273517fc8141d57ad1528ede46efdceebdb6a4da746d5de5bad216564209a1e,Yes,Who will win the next presidential election?,Will Tucker Carlson win the 2028 Republican presidential nomination?,2028-11-07,13066.61
KXPRESPERSON-28-WMOO,0xe29b33ef5bf351c8a22bfd79f8b58e62649d54ceee6f9735387cef79f52fecae,Yes,Who will win the next presidential election?,Will Wes Moore win the 2028 US Presidential Election?,2028-11-07,37914.49
KXROLEATEVENTCOACHELLA-27DEC31-DAF,0x856fa22b5e4891747946ec84e4a07a69d951f750289b61aab6981927f2a643cb,Yes,Will Daft Punk be a Headliner at Coachella 2027?,Will Daft Punk perform at Coachella 2027?,2027-04-30,0.00
KXROLEATEVENTCOACHELLA-27DEC31-DRA,0x1cf72e6dc805df2fcfeb5c3b00fcccc7dbbb784d5956f3460323063f314b99c7,Yes,Will Drake be a Headliner at Coachella 2027?,Will Drake perform at Coachella 2027?,2027-04-30,0.00
KXROLEINPRODUCTIONDOOMSDAY-HUG,0x9a22f275ad5ebdac774ea6ad6f9e52fcb252187980a0be2becdb24c338b9a716,Yes,Will Hugh Jackman perform as Wolverine in Avengers: Doomsday?,Hugh Jackman as Wolverine?,2026-12-18,30.00
KXROLEINPRODUCTIONDOOMSDAY-XOC,0x193811133067252c62713ace40b7e839ee92deb66e6c6de6650771e495ee4eeb,Yes,Will Xochitl Gomez perform as America Chavez in Avengers: Doomsday?,Xochitl Gomez as America Chavez?,2026-12-18,0.00
KXSB-27-BAL,0xbd1d0889e5037c451bb1e45163749786fe4acc10af2ab40477e7052766054712,Yes,Will Baltimore win the 2027 Pro Football Championship?,Will the Baltimore Ravens win the 2027 NFL league championship?,2027-03-31,10270.25
KXSB-27-BUF,0xb02f2ebd5ba67ed1018b634f7ccf88fd46e348f4a53c55cf89a55d02d9ea8611,Yes,Will Buffalo win the 2027 Pro Football Championship?,Will the Buffalo Bills win the 2027 NFL league championship?,2027-03-31,965.50
KXSB-27-CHI,0x87f0b061076a7309abeb719136246303ce17fe40b4e9c65aca4149bbdbdd3236,Yes,Will Chicago win the 2027 Pro Football Championship?,Will the Chicago Bears win the 2027 NFL league championship?,2027-03-31,8582.87
KXSB-27-CIN,0xd855563532f3fc1326ff9965890733a3df564a83d0ad18d459368bf9307a376b,Yes,Will Cincinnati win the 2027 Pro Football Championship?,Will the Cincinnati Bengals win the 2027 NFL league championship?,2027-03-31,10925.45
KXSB-27-DAL,0x93158447b78290c1abb5ccf3e025dd03290865972b3fc9c8d2803aa64ae1cbfd,Yes,Will Dallas win the 2027 Pro Football Championship?,Will the Dallas Cowboys win the 2027 NFL league championship?,2027-03-31,6942.71
KXSB-27-DEN,0x8e29cb5c6b8d6b8d259114ffca2796fb378d1e0575f8362fb93f4cb174fad405,Yes,Will Denver win the 2027 Pro Football Championship?,Will the Denver Broncos win the 2027 NFL league championship?,2027-03-31,2220.86
KXSB-27-GB,0x04816f7f30a810111bd4e3d7e06952889f81f280f23370f2ff59323d9a202cca,Yes,Will Green Bay win the 2027 Pro Football Championship?,Will the Green Bay Packers win the 2027 NFL league championship?,2027-03-31,2183.48
KXSB-27-HOU,0x7f1d878b72e5de3691768ef8fdc0f811405717166e2161e7e490c347980d9b8e,Yes,Will Houston win the 2027 Pro Football Championship?,Will the Houston Texans win the 2027 NFL league championship?,2027-03-31,3228.90
KXSB-27-KC,0xee307e0609e90bd64e7bb75135662091ff438b043031d79337a67b4d1f54763d,Yes,Will Kansas City win the 2027 Pro Football Championship?,Will the Kansas City Chiefs win the 2027 NFL league championship?,2027-03-31,3237.35
KXSB-27-LAC,0x6c9407f7841e7507ba435d540af237d742674ba05bac48998cf94f4b7ef5d909,Yes,Will Los Angeles C win the 2027 Pro Football Championship?,Will the Los Angeles Chargers win the 2027 NFL league championship?,2027-03-31,3544.45
KXSB-27-LAR,0xdb88bf08a8244ff54b020d91853d03655b23eea74ed3ced99be6e6e978b0a3c3,Yes,Will Los Angeles R win the 2027 Pro Football Championship?,Will the Los Angeles Rams win the 2027 NFL league championship?,2027-03-31,7731.22
KXSB-27-NE,0x8133843fe31063a6cc17c4582c023a832ee64802c98fcc08d79521629831d3c4,Yes,Will New England win the 2027 Pro Football Championship?,Will the New England Patriots win the 2027 NFL league championship?,2027-03-31,2602.87
KXSB-27-NO,0x850c5df4f71fbe41414e71df71213453a97615742a6194e42600015e2c255800,Yes,Will New Orleans win the 2027 Pro Football Championship?,Will the New Orleans Saints win the 2027 NFL league championship?,2027-03-31,13990.64
KXSB-27-NYG,0xffc4681fe848a8bb55bcc97f774377199d05845164b17107e67344165864d48d,Yes,Will New York G win the 2027 Pro Football Championship?,Will the New York Giants win the 2027 NFL league championship?,2027-03-31,5431.42
KXSB-27-PHI,0xe22296145ee2a1415536e271bd38371e53d7577bcb446c5d61cb615c5ae282c6,Yes,Will Philadelphia win the 2027 Pro Football Championship?,Will the Philadelphia Eagles win the 2027 NFL league championship?,2027-03-31,5019.46
KXSB-27-SEA,0x8e6d892346600222b7cb8350acd0e97dda1ae616259ba117ea2e9b59bbe038a1,Yes,Will Seattle win the 2027 Pro Football Championship?,Will the Seattle Seahawks win the 2027 NFL league championship?,2027-03-31,289.54
KXSB-27-SF,0x6099e6b30c4ee1d3121e5ebe4760ebff446ec5d7eef1b9c43dd2e9cfd59a556c,Yes,Will San Francisco win the 2027 Pro Football Championship?,Will the San Francisco 49ers win the 2027 NFL league championship?,2027-03-31,789.73
KXSPACEXBANKPUBLIC-28JAN01-BOAX,0xa7d8fc08e52e2850f7cc0e28b17b56ec89d84b4aee2c3f8fad1bf8dae1449d88,Yes,"Will Bank of America take SpaceX public before Jan 1, 2028?",Will Bank of America or any of its underwriting affiliates serve as the lead underwriter in SpaceX’s initial public offering?,2027-12-31,4594.04
KXSPACEXBANKPUBLIC-28JAN01-CITIX,0xbac1d26ff52af7fecbafe75cc5abbb88b2801868501f9ec22984d0fcea609e9e,Yes,"Will Citigroup take SpaceX public before Jan 1, 2028?",Will Citigroup or any of its underwriting affiliates serve as the lead underwriter in SpaceX’s initial public offering?,2027-12-31,2045.33
KXSPACEXBANKPUBLIC-28JAN01-GSX,0x5a4a06d086c9b4dae7bb5037cf8610dc50a045b7eedc056d2d3435dbfd684bed,Yes,"Will Goldman Sachs take SpaceX public before Jan 1, 2028?",Will Goldman Sachs or any of its underwriting affiliates serve as the lead underwriter in SpaceX’s initial public offering?,2027-12-31,4926.99
KXSPACEXBANKPUBLIC-28JAN01-JPMX,0x85b7ad683d84915d10fab8e8313764a2918d6f33a40c965030ff829cd9d8dbd1,Yes,"Will JPMorgan Chase take SpaceX public before Jan 1, 2028?",Will JPMorgan Chase or any of its underwriting affiliates serve as the lead underwriter in SpaceX’s initial public offering?,2027-12-31,3738.22
KXSPACEXBANKPUBLIC-28JAN01-MSX,0x6ea4b7cf33492834f4a026ffbdfd6724837fa452b07965589cda96d78ae381d4,Yes,"Will Morgan Stanley take SpaceX public before Jan 1, 2028?",Will Morgan Stanley or any of its underwriting affiliates serve as the lead underwriter in SpaceX’s initial public offering?,2027-12-31,3535.07
KXSTATE51-29-VE,0x8ded2408388980c032a4e9e3429730747c25a6499e50579abc67a3af5395e174,Yes,"Will any part of Venezuela be the 51st U.S. state before Jan 20, 2029?",Will Venezuela become 51st state?,2026-12-31,1085.12
KXTAYLORSWIFTWEDDINGATTEND-28DEC31-BLA,0xf56889493e2ee9071728078056562341c63793a9cffe4852352a236b8642f26b,Yes,Will Blake Lively attend Taylor Swift and Travis Kelce's Wedding?,Will Blake Lively attend Taylor Swift's wedding?,2026-12-31,12.42
KXTX33D-26-CALL,0x384fd558c87baa2b1c1f7aea7402b7e3a86e83a3d51d5bca61e4e9cad4eee5be,Yes,Will Colin Allred be the Democratic nominee for TX-33?,Will Colin Allred be the Democratic nominee for TX-33?,2026-05-26,63.38
KXUCL-26-ARS,0x8df5a4256840dee05851250c0490da7593597faff3a7f9a156ccbbda7fec76f8,Yes,Will Arsenal win the Champions League Winner?,Will Arsenal win the 2025–26 Champions League?,2026-05-31,30619.68
KXUCL-26-PSG,0x6e9f90a6f471b52d03499a81586ca478519474eb152f1327c8c767f020d62529,Yes,Will PSG win the Champions League Winner?,Will PSG win the 2025–26 Champions League?,2026-05-31,35872.97
KXVPRESNOMD-28-JTAL,0x21f142b09bd5cae304832db0739184f0d1cc12093442d4de4982573853d92411,Yes,Will James Talarico be the nominee for the Vice Presidency for the Democratic party?,Will James Talarico be the 2028 Democratic Vice-Presidential nominee?,2028-08-10,0.00
KXWNBAMVP-26-AWIL,0x40ce87dc8756e9f36aa6540bcf8e9af2e344c1aff80100a25e84a112477518a8,Yes,Will A'ja Wilson win MVP?,Will A'ja Wilson win the 2026 WNBA MVP award?,2026-09-25,0.00
SENATEME-26-D,0x2c00cb09722a0f0501c5e49131b898ed57bb5c075db4dc2bcbc14908f45b8c48,No,Will Democratics win the Senate race in Maine?,Will the Republicans win the Maine Senate race in 2026?,,2775.81
SENATEME-26-R,0x2c00cb09722a0f0501c5e49131b898ed57bb5c075db4dc2bcbc14908f45b8c48,Yes,Will Republicans win the Senate race in Maine?,Will the Republicans win the Maine Senate race in 2026?,,2775.81
SENATETX-26-R,0x94521176f57d2ce81dde01e0b7699ca4279423042d37ed53908f0c8bfefe7e14,Yes,Will Republicans win the Senate race in Texas?,Will the Republicans win the Texas Senate race in 2026?,,535.32
